source,target,value,,,,,,,,
__,___,1195,,,,,,,,
__,___,1159,,,,,,,,
__,___,1068,,,,,,,,
__,___,1045,,,,,,,,
___,___,637,,,,,,,,
__,___,1624,,,,,,,,
__,___,1179,,,,,,,,
___,___,997,,,,,,,,
__,___,1608,,,,,,,,
__,___,2410,,,,,,,,
__,___,1843,,,,,,,,
__,___,1324,,,,,,,,
__,___,1101,,,,,,,,
__,___,810,,,,,,,,
__,___,1194,,,,,,,,
__,___,1262,,,,,,,,
__,___,849,,,,,,,,
__,___,1892,,,,,,,,
__,___,831,,,,,,,,
__,___,577,,,,,,,,
__,___,814,,,,,,,,
__,___,1458,,,,,,,,
__,___,582,,,,,,,,
__,___,639,,,,,,,,
__,___,919,,,,,,,,
__,___,776,,,,,,,,
__,___,239,,,,,,,,
__,___,571,,,,,,,,
__,___,387,,,,,,,,
__,___,107,,,,,,,,
__,___,20,,,,,,,,
__,___,819,,,,,,,,
__,___,130,,,,,,,,
__,___,588,,,,,,,,
__,___,609,,,,,,,,
__,___,347,,,,,,,,
___,___,161,,,,,,,,
__,___,142,,,,,,,,
__,___,560,,,,,,,,
__,___,266,,,,,,,,
__,___,130,,,,,,,,
__,___,391,,,,,,,,
__,___,493,,,,,,,,
__,___,421,,,,,,,,
__,___,216,,,,,,,,
___,___,537,,,,,,,,
__,___,800,,,,,,,,
__,___,265,,,,,,,,
__,___________,464,,,,,,,,
__,_____,22,,,,,,,,